AON,Company,Day,permno,ticker,comnam,gvkey,conm,cusip,lpermco
14034,3M Company,20170725,22592,MMM,3M CO,7435,3M CO,88579Y101,21205
38817,3M Company,20170425,22592,MMM,3M CO,7435,3M CO,88579Y101,21205
33439,A.O. Smith Corp,20170726,65402,AOS,SMITH A O CORP,9771,SMITH (A.O.),831865209,21625
59729,Abbott Laboratories,20171018,20482,ABT,ABBOTT LABORATORIES,1078,ABBOTT LABORATORIES,2824100,20017
11628,AbbVie Inc.,20171027,13721,ABBV,ABBVIE INC,16101,ABBVIE INC,00287Y109,54287
28194,AbbVie Inc.,20170728,13721,ABBV,ABBVIE INC,16101,ABBVIE INC,00287Y109,54287
71419,AbbVie Inc.,20170427,13721,ABBV,ABBVIE INC,16101,ABBVIE INC,00287Y109,54287
5895,ABIOMED Inc,20170504,75107,ABMD,ABIOMED INC,13619,ABIOMED INC,3654100,20018
28259,Activision Blizzard,20170209,79678,ATVI,ACTIVISION INC NEW,1111,ACTIVISION INC,4930202,12499
44716,Activision Blizzard,20170504,79678,ATVI,ACTIVISION INC NEW,1111,ACTIVISION INC,4930202,12499
77803,Adobe Systems Inc,20170316,75510,ADBE,ADOBE SYSTEMS INC,12540,ADOBE INC,00724F101,8476
59171,Advance Auto Parts,20170524,89217,AAP,ADVANCE AUTO PARTS INC,145977,ADVANCE AUTO PARTS INC,00751Y106,42402
20729,Advanced Micro Devices Inc,20170725,61241,AMD,ADVANCED MICRO DEVICES INC,1161,ADVANCED MICRO DEVICES,7903107,211
64831,Advanced Micro Devices Inc,20170501,61241,AMD,ADVANCED MICRO DEVICES INC,1161,ADVANCED MICRO DEVICES,7903107,211
88526,Advanced Micro Devices Inc,20171024,61241,AMD,ADVANCED MICRO DEVICES INC,1161,ADVANCED MICRO DEVICES,7903107,211
50247,AES Corp,20171102,76712,AES,A E S CORP,24216,AES CORP (THE),00130H105,10996
67008,AES Corp,20170508,76712,AES,A E S CORP,24216,AES CORP (THE),00130H105,10996
1247,Aetna Inc,20171031,88845,AET,AETNA INC NEW,1177,AETNA INC,00817Y108,41072
30613,Aetna Inc,20170131,88845,AET,AETNA INC NEW,1177,AETNA INC,00817Y108,41072
64145,Aetna Inc,20170502,88845,AET,AETNA INC NEW,1177,AETNA INC,00817Y108,41072
46845,Agilent Technologies Inc,20170214,87432,A,AGILENT TECHNOLOGIES INC,126554,AGILENT TECHNOLOGIES INC,00846U101,36364
30218,Akamai Technologies Inc,20170207,87299,AKAM,AKAMAI TECHNOLOGIES INC,125595,AKAMAI TECHNOLOGIES INC,00971T101,17300
35504,Akamai Technologies Inc,20170502,87299,AKAM,AKAMAI TECHNOLOGIES INC,125595,AKAMAI TECHNOLOGIES INC,00971T101,17300
32834,Alaska Air Group Inc,20171025,87373,ALSK,ALASKA COMMUNICATIONS SYS GRP IN,126555,ALASKA COMMUNICATIONS SYS GP,01167P101,17395
77331,Alaska Air Group Inc,20170208,87373,ALSK,ALASKA COMMUNICATIONS SYS GRP IN,126555,ALASKA COMMUNICATIONS SYS GP,01167P101,17395
38252,Alexion Pharmaceuticals,20171026,83111,ALXN,ALEXION PHARMACEUTICALS INC,62263,ALEXION PHARMACEUTICALS INC,15351109,14394
18353,Align Technology,20170427,88860,ALGN,ALIGN TECHNOLOGY INC,141384,ALIGN TECHNOLOGY INC,16255101,41154
26649,Align Technology,20170131,88860,ALGN,ALIGN TECHNOLOGY INC,141384,ALIGN TECHNOLOGY INC,16255101,41154
71233,Align Technology,20170727,88860,ALGN,ALIGN TECHNOLOGY INC,141384,ALIGN TECHNOLOGY INC,16255101,41154
27514,Allegion,20170209,14297,ALLE,ALLEGION PLC,316056,ALLEGION PLC,G0176J109,54641
44124,Allegion,20170427,14297,ALLE,ALLEGION PLC,316056,ALLEGION PLC,G0176J109,54641
10694,"Allergan, Plc",20170803,75646,AGN,ALLERGAN INC,15708,ALLERGAN INC,18490102,22092
56746,Alliance Data Systems,20170126,89002,ADS,ALLIANCE DATA SYSTEMS CORP,143974,ALLIANCE DATA SYSTEMS CORP,18581108,41671
58549,Alliance Data Systems,20170420,89002,ADS,ALLIANCE DATA SYSTEMS CORP,143974,ALLIANCE DATA SYSTEMS CORP,18581108,41671
68865,Alliance Data Systems,20171019,89002,ADS,ALLIANCE DATA SYSTEMS CORP,143974,ALLIANCE DATA SYSTEMS CORP,18581108,41671
24462,Altria Group Inc,20170727,13901,MO,ALTRIA GROUP INC,8543,ALTRIA GROUP INC,02209S103,21398
26042,Altria Group Inc,20171026,13901,MO,ALTRIA GROUP INC,8543,ALTRIA GROUP INC,02209S103,21398
27309,Altria Group Inc,20170502,13901,MO,ALTRIA GROUP INC,8543,ALTRIA GROUP INC,02209S103,21398
33093,Amazon.com Inc.,20170427,84788,AMZN,AMAZON COM INC,64768,AMAZON.COM INC,23135106,15473
81364,Amazon.com Inc.,20170202,84788,AMZN,AMAZON COM INC,64768,AMAZON.COM INC,23135106,15473
83622,Ameren Corp,20170216,24985,AEE,AMEREN CORP,10860,AMEREN CORP,23608102,21808
32439,American Express Co,20170719,59176,AXP,AMERICAN EXPRESS CO,1447,AMERICAN EXPRESS CO,25816109,90
41374,American Express Co,20171018,59176,AXP,AMERICAN EXPRESS CO,1447,AMERICAN EXPRESS CO,25816109,90
74013,American Express Co,20170419,59176,AXP,AMERICAN EXPRESS CO,1447,AMERICAN EXPRESS CO,25816109,90
29438,American Tower Corp A,20170427,86111,AMT,AMERICAN TOWER CORP,105365,AMERICAN TOWER CORP,03027X100,34770
55551,American Tower Corp A,20171031,86111,AMT,AMERICAN TOWER CORP,105365,AMERICAN TOWER CORP,03027X100,34770
61796,American Tower Corp A,20170227,86111,AMT,AMERICAN TOWER CORP,105365,AMERICAN TOWER CORP,03027X100,34770
21129,AmerisourceBergen Corp,20170803,81540,ABC,AMERISOURCEBERGEN CORP,31673,AMERISOURCEBERGEN CORP,3.07E+108,13650
22429,AmerisourceBergen Corp,20170504,81540,ABC,AMERISOURCEBERGEN CORP,31673,AMERISOURCEBERGEN CORP,3.07E+108,13650
40562,AmerisourceBergen Corp,20171102,81540,ABC,AMERISOURCEBERGEN CORP,31673,AMERISOURCEBERGEN CORP,3.07E+108,13650
82308,AmerisourceBergen Corp,20170131,81540,ABC,AMERISOURCEBERGEN CORP,31673,AMERISOURCEBERGEN CORP,3.07E+108,13650
1389,AMETEK Inc.,20170802,85257,AME,AMETEK INC NEW,1598,AMETEK INC,31100100,32054
65093,AMETEK Inc.,20170207,85257,AME,AMETEK INC NEW,1598,AMETEK INC,31100100,32054
14993,Amgen Inc.,20170725,14008,AMGN,AMGEN INC,1602,AMGEN INC,31162100,216
35703,Amgen Inc.,20171025,14008,AMGN,AMGEN INC,1602,AMGEN INC,31162100,216
50455,Anthem Inc.,20170726,89179,ATH,ANTHEM INC,145046,ANTHEM INC,36752103,42273
61070,Anthem Inc.,20170426,89179,ATH,ANTHEM INC,145046,ANTHEM INC,36752103,42273
76911,Anthem Inc.,20170201,89179,ATH,ANTHEM INC,145046,ANTHEM INC,36752103,42273
36494,Aon plc,20170509,61735,AOC,AON CORP,3221,AON PLC,G0403H108,20203
58438,Aon plc,20171027,61735,AOC,AON CORP,3221,AON PLC,G0403H108,20203
66280,Apache Corporation,20171102,39490,APA,APACHE CORP,1678,APA CORP,03743Q108,20204
85235,Apache Corporation,20170223,39490,APA,APACHE CORP,1678,APA CORP,03743Q108,20204
22252,Archer-Daniels-Midland Co,20170207,10516,ADM,ARCHER DANIELS MIDLAND CO,1722,ARCHER-DANIELS-MIDLAND CO,39483102,20207
58016,Archer-Daniels-Midland Co,20170801,10516,ADM,ARCHER DANIELS MIDLAND CO,1722,ARCHER-DANIELS-MIDLAND CO,39483102,20207
66187,Archer-Daniels-Midland Co,20170502,10516,ADM,ARCHER DANIELS MIDLAND CO,1722,ARCHER-DANIELS-MIDLAND CO,39483102,20207
80677,Archer-Daniels-Midland Co,20171031,10516,ADM,ARCHER DANIELS MIDLAND CO,1722,ARCHER-DANIELS-MIDLAND CO,39483102,20207
667,AT&T Inc.,20171024,10401,T,A T & T CORP,1581,AT&T CORP,1957505,20103
60373,AT&T Inc.,20170425,10401,T,A T & T CORP,1581,AT&T CORP,1957505,20103
43666,Autodesk Inc.,20170302,85631,ADSK,AUTODESK INC,1878,AUTODESK INC,52769106,7623
20295,Automatic Data Processing,20170201,44644,ADP,AUTOMATIC DATA PROCESSING INC,1891,AUTOMATIC DATA PROCESSING,53015103,20235
32569,Automatic Data Processing,20171102,44644,ADP,AUTOMATIC DATA PROCESSING INC,1891,AUTOMATIC DATA PROCESSING,53015103,20235
39531,Automatic Data Processing,20170727,44644,ADP,AUTOMATIC DATA PROCESSING INC,1891,AUTOMATIC DATA PROCESSING,53015103,20235
60803,Automatic Data Processing,20170503,44644,ADP,AUTOMATIC DATA PROCESSING INC,1891,AUTOMATIC DATA PROCESSING,53015103,20235
24635,Avery Dennison Corp,20171025,44601,AVY,AVERY DENNISON CORP,1913,AVERY DENNISON CORP,53611109,20238
51439,Avery Dennison Corp,20170201,44601,AVY,AVERY DENNISON CORP,1913,AVERY DENNISON CORP,53611109,20238
65508,Avery Dennison Corp,20170426,44601,AVY,AVERY DENNISON CORP,1913,AVERY DENNISON CORP,53611109,20238
68742,Avery Dennison Corp,20170725,44601,AVY,AVERY DENNISON CORP,1913,AVERY DENNISON CORP,53611109,20238
31480,Ball Corp,20170504,57568,BLL,BALL CORP,1988,BALL CORP,58498106,20257
36725,Ball Corp,20171102,57568,BLL,BALL CORP,1988,BALL CORP,58498106,20257
86182,Ball Corp,20170803,57568,BLL,BALL CORP,1988,BALL CORP,58498106,20257
69944,Baxter International Inc.,20170426,27887,BAX,BAXTER INTERNATIONAL INC,2086,BAXTER INTERNATIONAL INC,71813109,20277
74832,Baxter International Inc.,20170726,27887,BAX,BAXTER INTERNATIONAL INC,2086,BAXTER INTERNATIONAL INC,71813109,20277
74631,Becton Dickinson,20171102,39642,BDX,BECTON DICKINSON & CO,2111,BECTON DICKINSON & CO,75887109,20284
75107,Becton Dickinson,20170803,39642,BDX,BECTON DICKINSON & CO,2111,BECTON DICKINSON & CO,75887109,20284
64004,Biogen Inc.,20170126,76841,BIIB,BIOGEN IDEC INC,24468,BIOGEN INC,09062X103,11112
24156,Boeing Company,20170426,19561,BA,BOEING CO,2285,BOEING CO,97023105,20315
0,Booking Holdings Inc,20170509,86783,BKNG,BOOKING HOLDINGS INC,119314,BOOKING HOLDINGS INC,09857L108,16454
33298,Booking Holdings Inc,20171106,86783,BKNG,BOOKING HOLDINGS INC,119314,BOOKING HOLDINGS INC,09857L108,16454
40973,BorgWarner,20170727,79545,BWA,BORGWARNER INC,28742,BORGWARNER INC,99724106,29936
82938,BorgWarner,20170209,79545,BWA,BORGWARNER INC,28742,BORGWARNER INC,99724106,29936
26762,Bristol-Myers Squibb,20170727,19393,BMY,BRISTOL MYERS SQUIBB CO,2403,BRISTOL-MYERS SQUIBB CO,110122108,20331
38506,Bristol-Myers Squibb,20170427,19393,BMY,BRISTOL MYERS SQUIBB CO,2403,BRISTOL-MYERS SQUIBB CO,110122108,20331
60259,Broadridge Financial Solutions,20170510,91849,BR,BROADRIDGE FINANCIAL SOLUTNS INC,176928,BROADRIDGE FINANCIAL SOLUTNS,11133T103,51962
8790,"CA, Inc.",20170802,25778,CA,C A INC,3310,CA INC,12673P105,5220
28573,Cadence Design Systems,20170724,11403,CDN,CADENCE DESIGN SYSTEMS INC,13421,CADENCE DESIGN SYSTEMS INC,127387108,9245
10503,Campbell Soup,20170831,25320,CPB,CAMPBELL SOUP CO,2663,CAMPBELL SOUP CO,134429109,20384
37494,Campbell Soup,20170519,25320,CPB,CAMPBELL SOUP CO,2663,CAMPBELL SOUP CO,134429109,20384
79276,Campbell Soup,20171121,25320,CPB,CAMPBELL SOUP CO,2663,CAMPBELL SOUP CO,134429109,20384
81931,Campbell Soup,20170217,25320,CPB,CAMPBELL SOUP CO,2663,CAMPBELL SOUP CO,134429109,20384
12650,Cardinal Health Inc.,20170501,21371,CAH,CARDINAL HEALTH INC,2751,CARDINAL HEALTH INC,14149Y108,6262
19511,Carmax Inc,20170922,89508,KMX,CARMAX INC,64410,CARMAX INC,143130102,43519
68187,Carmax Inc,20171221,89508,KMX,CARMAX INC,64410,CARMAX INC,143130102,43519
10868,Caterpillar Inc.,20170725,18542,CAT,CATERPILLAR INC,2817,CATERPILLAR INC,149123101,20408
19783,Caterpillar Inc.,20171024,18542,CAT,CATERPILLAR INC,2817,CATERPILLAR INC,149123101,20408
88098,Caterpillar Inc.,20170126,18542,CAT,CATERPILLAR INC,2817,CATERPILLAR INC,149123101,20408
88587,Caterpillar Inc.,20170425,18542,CAT,CATERPILLAR INC,2817,CATERPILLAR INC,149123101,20408
19904,Cboe Global Markets,20170804,93429,CBOE,C B O E HOLDINGS INC,184500,CBOE GLOBAL MARKETS INC,12503M108,53447
20635,CBRE Group,20171103,90199,CBG,C B RICHARD ELLIS GROUP INC,260774,CBRE GROUP INC,12504L109,45270
44775,CBS Corp.,20171102,76226,VIAC,VIACOMCBS INC,13714,VIACOMCBS INC,92556H206,21866
80778,CBS Corp.,20170807,76226,VIAC,VIACOMCBS INC,13714,VIACOMCBS INC,92556H206,21866
47094,Celgene Corp.,20170126,11552,CELG,CELGENE CORP,13599,CELGENE CORP,151020104,9374
48470,Celgene Corp.,20171026,11552,CELG,CELGENE CORP,13599,CELGENE CORP,151020104,9374
52241,Celgene Corp.,20170727,11552,CELG,CELGENE CORP,13599,CELGENE CORP,151020104,9374
69393,Celgene Corp.,20170427,11552,CELG,CELGENE CORP,13599,CELGENE CORP,151020104,9374
43274,CenturyLink Inc,20170802,60599,CTL,CENTURYLINK INC,2884,LUMEN TECHNOLOGIES INC,550241103,20421
44596,CenturyLink Inc,20171108,60599,CTL,CENTURYLINK INC,2884,LUMEN TECHNOLOGIES INC,550241103,20421
12264,Chevron Corp.,20170728,14541,CVX,CHEVRONTEXACO CORP,2991,CHEVRON CORP,166764100,20440
28348,Chevron Corp.,20170428,14541,CVX,CHEVRONTEXACO CORP,2991,CHEVRON CORP,166764100,20440
41319,Chevron Corp.,20170127,14541,CVX,CHEVRONTEXACO CORP,2991,CHEVRON CORP,166764100,20440
25036,Church & Dwight,20171102,23393,CHD,CHURCH & DWIGHT INC,3026,CHURCH & DWIGHT INC,171340102,1103
83486,Church & Dwight,20170803,23393,CHD,CHURCH & DWIGHT INC,3026,CHURCH & DWIGHT INC,171340102,1103
21338,CIGNA Corp.,20170804,64186,CI,C I G N A CORP,2547,CIGNA CORP,125523100,20357
46398,CIGNA Corp.,20170202,64186,CI,C I G N A CORP,2547,CIGNA CORP,125523100,20357
89052,CIGNA Corp.,20170505,64186,CI,C I G N A CORP,2547,CIGNA CORP,125523100,20357
86740,Cimarex Energy,20170510,89509,XEC,CIMAREX ENERGY CO,150699,CIMAREX ENERGY CO,171798101,43520
10236,Cisco Systems,20170215,76076,CSCO,CISCO SYSTEMS INC,20779,CISCO SYSTEMS INC,17275R102,10486
71069,Cisco Systems,20171115,76076,CSCO,CISCO SYSTEMS INC,20779,CISCO SYSTEMS INC,17275R102,10486
3046,Citigroup Inc.,20170118,70519,C,CITIGROUP INC,3243,CITIGROUP INC,172967424,20483
76424,Citigroup Inc.,20171012,70519,C,CITIGROUP INC,3243,CITIGROUP INC,172967424,20483
17890,Citrix Systems,20170802,82686,CTXS,CITRIX SYSTEMS INC,61676,CITRIX SYSTEMS INC,177376100,14201
50738,CME Group Inc.,20171026,89626,CME,CHICAGO MERCANTILE EXCH HLDG INC,149070,CME GROUP INC,12572Q105,43791
26208,CMS Energy,20171026,23229,CMS,C M S ENERGY CORP,3439,CMS ENERGY CORP,125896100,20361
41128,CMS Energy,20170501,23229,CMS,C M S ENERGY CORP,3439,CMS ENERGY CORP,125896100,20361
5215,Coca-Cola Company (The),20170726,11308,KO,COCA COLA CO,3144,COCA-COLA CO,191216100,20468
49308,Coca-Cola Company (The),20170209,11308,KO,COCA COLA CO,3144,COCA-COLA CO,191216100,20468
37748,Cognizant Technology Solutions,20171101,86158,CTSH,COGNIZANT TECHNOLOGY SOLS CORP,111864,COGNIZANT TECH SOLUTIONS,192446102,16167
77053,Cognizant Technology Solutions,20170803,86158,CTSH,COGNIZANT TECHNOLOGY SOLS CORP,111864,COGNIZANT TECH SOLUTIONS,192446102,16167
5808,Comcast Corp.,20170727,89525,CMCSA,COMCAST CORP NEW,3226,COMCAST CORP,20030N101,43613
52112,Comcast Corp.,20170126,89525,CMCSA,COMCAST CORP NEW,3226,COMCAST CORP,20030N101,43613
89472,Comcast Corp.,20170427,89525,CMCSA,COMCAST CORP NEW,3226,COMCAST CORP,20030N101,43613
64712,Comerica Inc.,20170418,25081,CMA,COMERICA INC,3231,COMERICA INC,200340107,1261
70931,Comerica Inc.,20170117,25081,CMA,COMERICA INC,3231,COMERICA INC,200340107,1261
67658,Conagra Brands,20171221,56274,CAG,CONAGRA INC,3362,CONAGRA BRANDS INC,205887102,20495
73007,Corning Inc.,20170124,22293,GLW,CORNING INC,3532,CORNING INC,219350105,20523
27871,"Coty, Inc",20170822,13983,COTY,COTY INC,12151,COTY INC,222070203,54444
36976,"Coty, Inc",20170209,13983,COTY,COTY INC,12151,COTY INC,222070203,54444
45892,"Coty, Inc",20171109,13983,COTY,COTY INC,12151,COTY INC,222070203,54444
3697,Crown Castle International Corp.,20170719,86339,CCI,CROWN CASTLE INTERNATIONAL CORP,113490,CROWN CASTLE INTL CORP,22822V101,16268
87481,Cummins Inc.,20170801,41080,CUM,CUMMINS INC,3650,CUMMINS INC,231021106,20543
48847,CVS Health,20170209,17005,CVS,C V S CORP,7241,CVS HEALTH CORP,126650100,21185
81270,D. R. Horton,20170124,77661,DHI,D R HORTON INC,25340,D R HORTON INC,23331A109,11559
7726,Darden Restaurants,20171219,81655,DRI,DARDEN RESTAURANTS INC,31846,DARDEN RESTAURANTS INC,237194105,30886
38598,Darden Restaurants,20170926,81655,DRI,DARDEN RESTAURANTS INC,31846,DARDEN RESTAURANTS INC,237194105,30886
10437,DaVita Inc.,20170502,82307,DVA,DAVITA INC,61483,DAVITA INC,23918K108,30975
78420,DaVita Inc.,20170801,82307,DVA,DAVITA INC,61483,DAVITA INC,23918K108,30975
2819,Digital Realty Trust Inc,20170427,,,,,,,
9805,Digital Realty Trust Inc,20170216,,,,,,,
181,Dish Network,20170222,81696,DISH,DISH NETWORK CORPORATION,60900,DISH NETWORK CORP,25470M109,13790
10396,Dish Network,20170501,81696,DISH,DISH NETWORK CORPORATION,60900,DISH NETWORK CORP,25470M109,13790
17542,Dish Network,20170803,81696,DISH,DISH NETWORK CORPORATION,60900,DISH NETWORK CORP,25470M109,13790
43618,Dish Network,20171109,81696,DISH,DISH NETWORK CORPORATION,60900,DISH NETWORK CORP,25470M109,13790
54673,Dollar General,20171207,93096,DG,DOLLAR GENERAL CORP NEW,4016,DOLLAR GENERAL CORP,256677105,53264
2705,Dominion Energy,20170802,64936,D,DOMINION RESOURCES INC VA NEW,4029,DOMINION ENERGY INC,25746U109,20592
23031,Dominion Energy,20170504,64936,D,DOMINION RESOURCES INC VA NEW,4029,DOMINION ENERGY INC,25746U109,20592
53079,Dominion Energy,20171030,64936,D,DOMINION RESOURCES INC VA NEW,4029,DOMINION ENERGY INC,25746U109,20592
5102,Dover Corp.,20170720,25953,DOV,DOVER CORP,4058,DOVER CORP,260003108,20596
39251,Dover Corp.,20170420,25953,DOV,DOVER CORP,4058,DOVER CORP,260003108,20596
55342,Duke Energy,20171103,27959,DUK,DUKE ENERGY CORP,4093,DUKE ENERGY CORP,26441C204,20608
42735,eBay Inc.,20170125,86356,EBAY,EBAY INC,114524,EBAY INC,278642103,16285
50785,eBay Inc.,20170419,86356,EBAY,EBAY INC,114524,EBAY INC,278642103,16285
56965,eBay Inc.,20170720,86356,EBAY,EBAY INC,114524,EBAY INC,278642103,16285
16035,Ecolab Inc.,20170502,70578,ECL,ECOLAB INC,4213,ECOLAB INC,278865100,1467
36940,Ecolab Inc.,20170221,70578,ECL,ECOLAB INC,4213,ECOLAB INC,278865100,1467
61402,Ecolab Inc.,20171031,70578,ECL,ECOLAB INC,4213,ECOLAB INC,278865100,1467
83872,Ecolab Inc.,20170801,70578,ECL,ECOLAB INC,4213,ECOLAB INC,278865100,1467
16924,Edison Int'l,20170501,15720,EIX,EDISON INTERNATIONAL,9846,EDISON INTERNATIONAL,281020107,21543
75350,Edwards Lifesciences,20170201,87657,EW,EDWARDS LIFESCIENCES CORP,133366,EDWARDS LIFESCIENCES CORP,2.82E+112,36952
39956,Electronic Arts,20171031,75828,ERTS,ELECTRONIC ARTS INC,16721,ELECTRONIC ARTS INC,285512109,10303
62398,Emerson Electric Company,20170502,22103,EMR,EMERSON ELECTRIC CO,4321,EMERSON ELECTRIC CO,291011104,20643
71552,Emerson Electric Company,20170207,22103,EMR,EMERSON ELECTRIC CO,4321,EMERSON ELECTRIC CO,291011104,20643
61740,EQT Corporation,20170727,24328,EQT,EQUITABLE RESOURCES INC,4430,EQT CORP,26884L109,20662
67609,EQT Corporation,20170427,24328,EQT,EQUITABLE RESOURCES INC,4430,EQT CORP,26884L109,20662
17081,Equinix,20170802,88519,EQIX,EQUINIX INC,138743,EQUINIX INC,29444U700,38419
52403,Equinix,20171101,88519,EQIX,EQUINIX INC,138743,EQUINIX INC,29444U700,38419
34701,Estee Lauder Cos.,20171101,82642,EL,LAUDER ESTEE COS INC,61567,ESTEE LAUDER COMPANIES INC,518439104,31196
47333,Estee Lauder Cos.,20170503,82642,EL,LAUDER ESTEE COS INC,61567,ESTEE LAUDER COMPANIES INC,518439104,31196
47936,Estee Lauder Cos.,20170818,82642,EL,LAUDER ESTEE COS INC,61567,ESTEE LAUDER COMPANIES INC,518439104,31196
73169,Estee Lauder Cos.,20170202,82642,EL,LAUDER ESTEE COS INC,61567,ESTEE LAUDER COMPANIES INC,518439104,31196
13202,Exxon Mobil Corp.,20171027,11850,XOM,EXXON MOBIL CORP,4503,EXXON MOBIL CORP,30231G102,20678
16733,F5 Networks,20170726,86964,FFIV,F 5 NETWORKS INC,121077,F5 INC,315616102,16561
42445,F5 Networks,20170125,86964,FFIV,F 5 NETWORKS INC,121077,F5 INC,315616102,16561
81764,F5 Networks,20170426,86964,FFIV,F 5 NETWORKS INC,121077,F5 INC,315616102,16561
62242,"Facebook, Inc.",20171101,13407,FB,FACEBOOK INC,170617,META PLATFORMS INC,30303M102,54084
23295,Fidelity National Information Services,20170207,89003,FIS,FIDELITY NATIONAL INFO SVCS INC,144119,CERTEGY INC,156880106,41673
23875,Fidelity National Information Services,20170802,89003,FIS,FIDELITY NATIONAL INFO SVCS INC,144119,CERTEGY INC,156880106,41673
8497,Fifth Third Bancorp,20170124,34746,FITB,FIFTH THIRD BANCORP,4640,FIFTH THIRD BANCORP,316773100,1741
37186,FleetCor Technologies Inc,20170803,12449,FLT,FLEETCOR TECHNOLOGIES INC,184700,FLEETCOR TECHNOLOGIES INC,339041105,53610
50605,FLIR Systems,20171025,79265,FLIR,FLIR SYSTEMS INC,28477,FLIR SYSTEMS INC,302445101,12214
33553,Foot Locker Inc,20170519,15456,Z,FOOT LOCKER INC,11584,FOOT LOCKER INC,344849104,21936
60926,Foot Locker Inc,20170224,15456,Z,FOOT LOCKER INC,11584,FOOT LOCKER INC,344849104,21936
80236,Foot Locker Inc,20171117,15456,Z,FOOT LOCKER INC,11584,FOOT LOCKER INC,344849104,21936
5479,Ford Motor,20170427,25785,F,FORD MOTOR CO DEL,4839,FORD MOTOR CO,345370860,20750
68970,Fortive Corp,20170207,16087,FTV,FORTIVE CORP,26590,FORTIVE CORP,34959J108,55585
9484,Fortune Brands Home & Security,20170802,12981,FBHS,FORTUNE BRANDS HOME & SECUR INC,188255,FORTUNE BRANDS HOME & SECUR,34964C106,53876
26320,Franklin Resources,20170428,37584,BEN,FRANKLIN RESOURCES INC,4885,FRANKLIN RESOURCES INC,354613101,6407
68253,Franklin Resources,20170127,37584,BEN,FRANKLIN RESOURCES INC,4885,FRANKLIN RESOURCES INC,354613101,6407
80969,Freeport-McMoRan Inc.,20170425,81774,FCX,FREEPORT MCMORAN COPPER & GOLD,14590,FREEPORT-MCMORAN INC,35671D857,20763
4892,Gap Inc.,20170518,59010,GPS,GAP INC,4990,GAP INC,364760108,1892
51786,Gap Inc.,20170223,59010,GPS,GAP INC,4990,GAP INC,364760108,1892
37345,Garmin Ltd.,20171101,88837,GRMN,GARMIN LTD,141459,GARMIN LTD,H2906T109,41059
69247,Garmin Ltd.,20170222,88837,GRMN,GARMIN LTD,141459,GARMIN LTD,H2906T109,41059
79157,Garmin Ltd.,20170503,88837,GRMN,GARMIN LTD,141459,GARMIN LTD,H2906T109,41059
4412,Gartner Inc,20170202,79698,IT,GARTNER INC,12441,GARTNER INC,366651107,12457
9107,Gartner Inc,20171102,79698,IT,GARTNER INC,12441,GARTNER INC,366651107,12457
42186,Gartner Inc,20170504,79698,IT,GARTNER INC,12441,GARTNER INC,366651107,12457
67389,Gartner Inc,20170808,79698,IT,GARTNER INC,12441,GARTNER INC,366651107,12457
28005,General Dynamics,20170127,12052,GD,GENERAL DYNAMICS CORP,5046,GENERAL DYNAMICS CORP,369550108,20791
35892,General Dynamics,20171025,12052,GD,GENERAL DYNAMICS CORP,5046,GENERAL DYNAMICS CORP,369550108,20791
53315,General Dynamics,20170426,12052,GD,GENERAL DYNAMICS CORP,5046,GENERAL DYNAMICS CORP,369550108,20791
29595,General Growth Properties Inc.,20170501,20114,APSG,General Growth Properties Inc.,37079,APOLLO STRAT GROWT CAP,G0411R106,57400
36164,General Growth Properties Inc.,20170802,20114,APSG,General Growth Properties Inc.,37079,APOLLO STRAT GROWT CAP,G0411R106,57400
52500,General Mills,20170628,17144,GIS,GENERAL MILLS INC,5071,GENERAL MILLS INC,370334104,20798
55123,General Mills,20171220,17144,GIS,GENERAL MILLS INC,5071,GENERAL MILLS INC,370334104,20798
26505,General Motors,20170428,12079,GM,GENERAL MOTORS CORP,5073,GENERAL MOTORS CO,37045V100,20799
41953,General Motors,20171024,12079,GM,GENERAL MOTORS CORP,5073,GENERAL MOTORS CO,37045V100,20799
49455,General Motors,20170207,12079,GM,GENERAL MOTORS CORP,5073,GENERAL MOTORS CO,37045V100,20799
80343,General Motors,20170725,12079,GM,GENERAL MOTORS CORP,5073,GENERAL MOTORS CO,37045V100,20799
61261,Genuine Parts,20170221,46674,GPC,GENUINE PARTS CO,5125,GENUINE PARTS CO,372460105,20807
11091,Gilead Sciences,20170502,77274,GILD,GILEAD SCIENCES INC,24856,GILEAD SCIENCES INC,375558103,11300
49066,Goldman Sachs Group,20170718,86868,GS,GOLDMAN SACHS GROUP INC,114628,GOLDMAN SACHS GROUP INC,38141G104,35048
68068,Goldman Sachs Group,20170118,86868,GS,GOLDMAN SACHS GROUP INC,114628,GOLDMAN SACHS GROUP INC,38141G104,35048
66486,Goodyear Tire & Rubber,20170428,16432,GT,GOODYEAR TIRE & RUBBER CO,5234,GOODYEAR TIRE & RUBBER CO,382550101,20834
2291,Grainger (W.W.) Inc.,20170418,52695,GWW,GRAINGER W W INC,5256,GRAINGER (W W) INC,384802104,20841
14717,Grainger (W.W.) Inc.,20170719,52695,GWW,GRAINGER W W INC,5256,GRAINGER (W W) INC,384802104,20841
35391,Grainger (W.W.) Inc.,20170125,52695,GWW,GRAINGER W W INC,5256,GRAINGER (W W) INC,384802104,20841
31695,Halliburton Co.,20171023,23819,HAL,HALLIBURTON COMPANY,5439,HALLIBURTON CO,406216101,20868
6112,Hanesbrands Inc,20170502,91416,HBI,HANESBRANDS INC,175319,HANESBRANDS INC,410345102,51096
79812,Hanesbrands Inc,20171101,91416,HBI,HANESBRANDS INC,175319,HANESBRANDS INC,410345102,51096
22767,Harris Corporation,20170801,25582,HRS,HARRIS CORP,5492,L3HARRIS TECHNOLOGIES INC,502431109,20883
78116,Hasbro Inc.,20170424,52978,HAS,HASBRO INC,5518,HASBRO INC,418056107,20887
81448,Hasbro Inc.,20170206,52978,HAS,HASBRO INC,5518,HASBRO INC,418056107,20887
84398,Hasbro Inc.,20171023,52978,HAS,HASBRO INC,5518,HASBRO INC,418056107,20887
42108,HCA Holdings,20170502,12622,HCA,H C A HOLDINGS INC,22260,HCA HEALTHCARE INC,40412C101,53696
57879,Henry Schein,20170221,82581,HSIC,SCHEIN HENRY INC,61494,HENRY SCHEIN INC,806407102,14098
13004,Hess Corporation,20171025,28484,HES,HESS CORP,1380,HESS CORP,42809H107,20064
83903,Hess Corporation,20170426,28484,HES,HESS CORP,1380,HESS CORP,42809H107,20064
87272,Hess Corporation,20170125,28484,HES,HESS CORP,1380,HESS CORP,42809H107,20064
1863,Hewlett Packard Enterprise,20170531,15707,HPE,HEWLETT PACKARD ENTERPRISE CO,26156,HEWLETT PACKARD ENTERPRISE,42824C109,55421
6303,Hewlett Packard Enterprise,20171121,15707,HPE,HEWLETT PACKARD ENTERPRISE CO,26156,HEWLETT PACKARD ENTERPRISE,42824C109,55421
72775,Hewlett Packard Enterprise,20170905,15707,HPE,HEWLETT PACKARD ENTERPRISE CO,26156,HEWLETT PACKARD ENTERPRISE,42824C109,55421
30908,Hilton Worldwide Holdings Inc,20170215,23309,HLT,HILTON HOTELS CORP,5643,HILTON WORLDWIDE HOLDINGS,43300A203,20915
83191,Hilton Worldwide Holdings Inc,20170502,23309,HLT,HILTON HOTELS CORP,5643,HILTON WORLDWIDE HOLDINGS,43300A203,20915
8104,Hologic,20171108,76095,HOLX,HOLOGIC INC,20904,HOLOGIC INC,436440101,10504
11735,Hologic,20170802,76095,HOLX,HOLOGIC INC,20904,HOLOGIC INC,436440101,10504
40776,Hologic,20170201,76095,HOLX,HOLOGIC INC,20904,HOLOGIC INC,436440101,10504
12507,Home Depot,20170221,66181,HD,HOME DEPOT INC,5680,HOME DEPOT INC,437076102,5085
16631,Home Depot,20170516,66181,HD,HOME DEPOT INC,5680,HOME DEPOT INC,437076102,5085
54068,Hormel Foods Corp.,20170223,32870,HRL,HORMEL FOODS CORP,5709,HORMEL FOODS CORP,440452100,20932
13880,HP Inc.,20171121,27828,HPQ,H P INC,5606,HP INC,40434L105,20908
31608,HP Inc.,20170524,27828,HPQ,H P INC,5606,HP INC,40434L105,20908
42601,HP Inc.,20170222,27828,HPQ,H P INC,5606,HP INC,40434L105,20908
50795,HP Inc.,20170823,27828,HPQ,H P INC,5606,HP INC,40434L105,20908
3579,Humana Inc.,20170802,48653,HUM,HUMANA INC,27914,HUMANA INC,444859102,20950
66073,Humana Inc.,20170503,48653,HUM,HUMANA INC,27914,HUMANA INC,444859102,20950
8373,Illinois Tool Works,20170424,56573,ITW,ILLINOIS TOOL WORKS INC,5878,ILLINOIS TOOL WORKS,452308109,20968
15171,Illinois Tool Works,20171023,56573,ITW,ILLINOIS TOOL WORKS INC,5878,ILLINOIS TOOL WORKS,452308109,20968
34137,Illumina Inc,20170131,88446,ILMN,ILLUMINA INC,138205,ILLUMINA INC,452327109,37938
44228,Illumina Inc,20170801,88446,ILMN,ILLUMINA INC,138205,ILLUMINA INC,452327109,37938
73724,Illumina Inc,20171024,88446,ILMN,ILLUMINA INC,138205,ILLUMINA INC,452327109,37938
10351,Incyte,20170504,79906,INCY,INCYTE GENOMICS INC,29127,INCYTE CORP,45337C102,30033
44567,Incyte,20170801,79906,INCY,INCYTE GENOMICS INC,29127,INCYTE CORP,45337C102,30033
50671,Incyte,20170214,79906,INCY,INCYTE GENOMICS INC,29127,INCYTE CORP,45337C102,30033
72188,Ingersoll-Rand PLC,20170426,12431,IR,INGERSOLL RAND PLC,5959,TRANE TECHNOLOGIES PLC,G8994E103,20977
76040,Ingersoll-Rand PLC,20170201,12431,IR,INGERSOLL RAND PLC,5959,TRANE TECHNOLOGIES PLC,G8994E103,20977
54464,Intel Corp.,20170727,59328,INTC,INTEL CORP,6008,INTEL CORP,458140100,2367
68080,Intel Corp.,20170427,59328,INTC,INTEL CORP,6008,INTEL CORP,458140100,2367
68270,Intel Corp.,20171026,59328,INTC,INTEL CORP,6008,INTEL CORP,458140100,2367
24028,Intercontinental Exchange,20170207,90993,ICE,INTERCONTINENTALEXCHANGE INC,163610,INTERCONTINENTAL EXCHANGE,45866F104,48793
54328,International Paper,20170202,21573,IP,INTERNATIONAL PAPER CO,6104,INTL PAPER CO,460146103,20994
38388,Interpublic Group,20170210,53065,IPG,INTERPUBLIC GROUP COS INC,6136,INTERPUBLIC GROUP OF COS,460690100,20997
70730,Interpublic Group,20170421,53065,IPG,INTERPUBLIC GROUP COS INC,6136,INTERPUBLIC GROUP OF COS,460690100,20997
18852,Intuit Inc.,20170523,78975,INTU,INTUIT INC,27928,INTUIT INC,461202103,12011
25576,Intuit Inc.,20170223,78975,INTU,INTUIT INC,27928,INTUIT INC,461202103,12011
4628,Invesco Ltd.,20170727,19583,IVZ,INVESCO LTD,29804,INVESCO LTD,G491BT108,30929
86812,Invesco Ltd.,20171026,19583,IVZ,INVESCO LTD,29804,INVESCO LTD,G491BT108,30929
18064,IPG Photonics Corp.,20170502,91668,IPGP,I P G PHOTONICS CORP,175955,IPG PHOTONICS CORP,44980X109,51555
17743,Iron Mountain Incorporated,20170427,83143,IRM,IRON MOUNTAIN INC,62374,IRON MOUNTAIN INC,46284V101,14330
35021,Iron Mountain Incorporated,20170223,83143,IRM,IRON MOUNTAIN INC,62374,IRON MOUNTAIN INC,46284V101,14330
2212,Johnson Controls International,20170201,42534,JCI,JOHNSON CONTROLS INC,6268,JOHNSON CONTROLS INTL PLC,G51502105,21019
28906,Johnson Controls International,20171109,42534,JCI,JOHNSON CONTROLS INC,6268,JOHNSON CONTROLS INTL PLC,G51502105,21019
78317,Johnson Controls International,20170727,42534,JCI,JOHNSON CONTROLS INC,6268,JOHNSON CONTROLS INTL PLC,G51502105,21019
85496,Johnson Controls International,20170427,42534,JCI,JOHNSON CONTROLS INC,6268,JOHNSON CONTROLS INTL PLC,G51502105,21019
22020,JPMorgan Chase & Co.,20170714,47896,JPM,J P MORGAN CHASE & CO,2968,JPMORGAN CHASE & CO,46625H100,20436
23639,JPMorgan Chase & Co.,20171012,47896,JPM,JPMORGAN CHASE & CO,2968,JPMORGAN CHASE & CO,46625H100,20436
192,Juniper Networks,20170725,86979,JNPR,JUNIPER NETWORKS INC,121718,JUNIPER NETWORKS INC,48203R104,16614
40204,Juniper Networks,20170425,86979,JNPR,JUNIPER NETWORKS INC,121718,JUNIPER NETWORKS INC,48203R104,16614
1727,Kansas City Southern,20171020,12650,KSU,KANSAS CITY SOUTHERN,6335,KANSAS CITY SOUTHERN,485170302,21033
72072,Kansas City Southern,20170120,12650,KSU,KANSAS CITY SOUTHERN,6335,KANSAS CITY SOUTHERN,485170302,21033
32264,Kellogg Co.,20170504,26825,K,KELLOGG CO,6375,KELLOGG CO,487836108,21041
60601,Kellogg Co.,20170803,26825,K,KELLOGG CO,6375,KELLOGG CO,487836108,21041
64262,Kellogg Co.,20171031,26825,K,KELLOGG CO,6375,KELLOGG CO,487836108,21041
63737,Kimberly-Clark,20170124,17750,KMB,KIMBERLY CLARK CORP,6435,KIMBERLY-CLARK CORP,494368103,21055
83822,Kimberly-Clark,20170725,17750,KMB,KIMBERLY CLARK CORP,6435,KIMBERLY-CLARK CORP,494368103,21055
83997,Kimberly-Clark,20170424,17750,KMB,KIMBERLY CLARK CORP,6435,KIMBERLY-CLARK CORP,494368103,21055
27099,Kinder Morgan,20170419,51596,KMI,KINDER MORGAN INC KANSAS,6310,KINDER MORGAN INC,49456B101,21029
39096,KLA-Tencor Corp.,20170727,46886,KLAC,K L A TENCOR CORP,6304,KLA CORP,482480100,2551
66875,KLA-Tencor Corp.,20170427,46886,KLAC,K L A TENCOR CORP,6304,KLA CORP,482480100,2551
29341,Kohl's Corp.,20170511,77606,KSS,KOHLS CORP,25283,KOHL'S CORP,500255104,29494
49831,Kohl's Corp.,20171109,77606,KSS,KOHLS CORP,25283,KOHL'S CORP,500255104,29494
51069,Kohl's Corp.,20170223,77606,KSS,KOHLS CORP,25283,KOHL'S CORP,500255104,29494
68638,Kraft Heinz Co,20170215,15408,KHC,KRAFT HEINZ CO,5568,KRAFT HEINZ CO,500754106,55296
75013,Kraft Heinz Co,20170503,15408,KHC,KRAFT HEINZ CO,5568,KRAFT HEINZ CO,500754106,55296
78803,Kraft Heinz Co,20171101,15408,KHC,KRAFT HEINZ CO,5568,KRAFT HEINZ CO,500754106,55296
6846,Kroger Co.,20170615,16678,KR,KROGER COMPANY,6502,KROGER CO,501044101,21068
20039,Kroger Co.,20170908,16678,KR,KROGER COMPANY,6502,KROGER CO,501044101,21068
38134,Kroger Co.,20170302,16678,KR,KROGER COMPANY,6502,KROGER CO,501044101,21068
86404,Kroger Co.,20171130,16678,KR,KROGER COMPANY,6502,KROGER CO,501044101,21068
28626,Lam Research,20170125,48486,LRCX,LAM RESH CORP,6565,LAM RESEARCH CORP,512807108,7013
38996,Lam Research,20170418,48486,LRCX,LAM RESH CORP,6565,LAM RESEARCH CORP,512807108,7013
418,Lennar Corp.,20171003,52708,LEN,LENNAR CORP,6669,LENNAR CORP,526057104,21095
15705,Lennar Corp.,20170620,52708,LEN,LENNAR CORP,6669,LENNAR CORP,526057104,21095
17235,Lilly (Eli) & Co.,20170131,50876,LLY,LILLY ELI & CO,6730,LILLY (ELI) & CO,532457108,21102
89742,Lilly (Eli) & Co.,20170425,50876,LLY,LILLY ELI & CO,6730,LILLY (ELI) & CO,532457108,21102
33945,LKQ Corporation,20170427,89866,LKQX,L K Q CORP,155394,LKQ CORP,501889208,44497
57544,LKQ Corporation,20170727,89866,LKQX,L K Q CORP,155394,LKQ CORP,501889208,44497
23151,Lockheed Martin Corp.,20170425,21178,LMT,LOCKHEED MARTIN CORP,6774,LOCKHEED MARTIN CORP,539830109,21110
27362,Lockheed Martin Corp.,20170124,21178,LMT,LOCKHEED MARTIN CORP,6774,LOCKHEED MARTIN CORP,539830109,21110
77656,Lockheed Martin Corp.,20170718,21178,LMT,LOCKHEED MARTIN CORP,6774,LOCKHEED MARTIN CORP,539830109,21110
87709,Lockheed Martin Corp.,20171024,21178,LMT,LOCKHEED MARTIN CORP,6774,LOCKHEED MARTIN CORP,539830109,21110
52715,Lowe's Cos.,20170524,61399,LOW,LOWES COMPANIES INC,6829,LOWE'S COS INC,548661107,2709
87408,Lowe's Cos.,20171121,61399,LOW,LOWES COMPANIES INC,6829,LOWE'S COS INC,548661107,2709
89392,Lowe's Cos.,20170823,61399,LOW,LOWES COMPANIES INC,6829,LOWE'S COS INC,548661107,2709
42069,LyondellBasell,20170203,12345,LYB,LYONDELLBASELL INDUSTRIES N V,294524,LYONDELLBASELL INDUSTRIES NV,N53745100,53531
29145,Marsh & McLennan,20171026,45751,MMC,MARSH & MCLENNAN COS INC,7065,MARSH & MCLENNAN COS,571748102,21158
78449,Marsh & McLennan,20170727,45751,MMC,MARSH & MCLENNAN COS INC,7065,MARSH & MCLENNAN COS,571748102,21158
11203,Martin Marietta Materials,20170801,80204,MLM,MARTIN MARIETTA MATERIALS INC,29733,MARTIN MARIETTA MATERIALS,573284106,30260
34202,Martin Marietta Materials,20171102,80204,MLM,MARTIN MARIETTA MATERIALS INC,29733,MARTIN MARIETTA MATERIALS,573284106,30260
56225,Martin Marietta Materials,20170214,80204,MLM,MARTIN MARIETTA MATERIALS INC,29733,MARTIN MARIETTA MATERIALS,573284106,30260
69517,Martin Marietta Materials,20170502,80204,MLM,MARTIN MARIETTA MATERIALS INC,29733,MARTIN MARIETTA MATERIALS,573284106,30260
72377,Masco Corp.,20171024,34032,MAS,MASCO CORP,7085,MASCO CORP,574599106,21161
77958,Masco Corp.,20170727,34032,MAS,MASCO CORP,7085,MASCO CORP,574599106,21161
57283,Mastercard Inc.,20170131,91233,MA,MASTERCARD INC,160225,MASTERCARD INC,57636Q104,50700
75647,Mastercard Inc.,20170727,91233,MA,MASTERCARD INC,160225,MASTERCARD INC,57636Q104,50700
34926,Mattel Inc.,20170727,39538,MAT,MATTEL INC,7116,MATTEL INC,577081102,21168
63295,Mattel Inc.,20171026,39538,MAT,MATTEL INC,7116,MATTEL INC,577081102,21168
42919,McDonald's Corp.,20171024,43449,MCD,MCDONALDS CORP,7154,MCDONALD'S CORP,580135101,21177
15579,Merck & Co.,20170728,22752,MRK,MERCK & CO INC,7257,MERCK & CO,58933Y105,21188
27648,Merck & Co.,20170502,22752,MRK,MERCK & CO INC,7257,MERCK & CO,58933Y105,21188
32189,Merck & Co.,20171027,22752,MRK,MERCK & CO INC,7257,MERCK & CO,58933Y105,21188
41042,Merck & Co.,20170202,22752,MRK,MERCK & CO INC,7257,MERCK & CO,58933Y105,21188
46175,MGM Resorts International,20170727,11891,MGG,M G M MIRAGE,14418,MGM RESORTS INTERNATIONAL,552953101,9764
45643,Michael Kors Holdings,20170207,13142,KORS,MICHAEL KORS HOLDINGS LIMITED,198058,CAPRI HOLDINGS LTD,G1890L107,53948
56058,Micron Technology,20170926,13879,MICT,MICRONET ENERTEC TECH INC,160555,MICT INC,55328R109,54379
79498,Micron Technology,20170629,13879,MICT,MICRONET ENERTEC TECH INC,160555,MICT INC,55328R109,54379
17552,Microsoft Corp.,20170126,10107,MSFT,MICROSOFT CORP,12141,MICROSOFT CORP,594918104,8048
25203,Microsoft Corp.,20170720,10107,MSFT,MICROSOFT CORP,12141,MICROSOFT CORP,594918104,8048
72609,Microsoft Corp.,20170427,10107,MSFT,MICROSOFT CORP,12141,MICROSOFT CORP,594918104,8048
88002,Molson Coors Brewing Company,20170802,59248,TAP,MOLSON COORS BREWING CO,3505,MOLSON COORS BEVERAGE CO,60871R209,33
52894,Mondelez International,20170802,89006,KFT,KRAFT FOODS INC,142953,MONDELEZ INTERNATIONAL INC,609207105,41680
7220,Motorola Solutions Inc.,20170504,22779,MOT,MOTOROLA INC,7585,MOTOROLA SOLUTIONS INC,620076307,21230
57776,Motorola Solutions Inc.,20170803,22779,MOT,MOTOROLA INC,7585,MOTOROLA SOLUTIONS INC,620076307,21230
87937,Motorola Solutions Inc.,20171102,22779,MOT,MOTOROLA INC,7585,MOTOROLA SOLUTIONS INC,620076307,21230
53185,MSCI Inc,20170504,92402,MXB,M S C I INC,178507,MSCI INC,55354G100,52840
29046,Mylan N.V.,20170510,69550,MYL,MYLAN N V,7637,VIATRIS INC,92556V106,3104
66640,"Nasdaq, Inc.",20170131,90601,NDAQ,NASDAQ STOCK MARKET INC,149337,NASDAQ INC,631103108,46282
7617,Nektar Therapeutics,20171107,80539,NKTR,NEKTAR THERAPEUTICS,30137,NEKTAR THERAPEUTICS,640268108,13036
84984,Nektar Therapeutics,20170301,80539,NKTR,NEKTAR THERAPEUTICS,30137,NEKTAR THERAPEUTICS,640268108,13036
28737,NetApp,20171115,82598,NTAP,NETAPP INC,61591,NETAPP INC,64110D104,14152
80494,NetApp,20170215,82598,NTAP,NETAPP INC,61591,NETAPP INC,64110D104,14152
17439,Newell Brands,20170206,60986,NWL,NEWELL RUBBERMAID INC,7875,NEWELL BRANDS INC,651229106,3178
49638,Newmont Mining Corporation,20170725,21207,NEM,NEWMONT MINING CORP,7881,NEWMONT CORP,651639106,21286
62869,News Corp. Class A,20170509,13963,NWSA,NEWS CORP NEW,18043,NEWS CORP,65249B109,54433
22855,Nielsen Holdings,20170727,12542,NLSN,NIELSEN HOLDINGS N V,100873,NIELSEN HOLDINGS PLC,G6518L108,53656
88920,Nielsen Holdings,20171025,12542,NLSN,NIELSEN HOLDINGS N V,100873,NIELSEN HOLDINGS PLC,G6518L108,53656
58990,Nike,20170321,57665,NKE,NIKE INC,7906,NIKE INC  -CL B,654106103,3194
72332,NiSource Inc.,20170503,38762,NI,NISOURCE INC,7974,NISOURCE INC,65473P105,21244
3898,Noble Energy Inc,20170803,61815,NBL,NOBLE ENERGY INC,7912,NOBLE ENERGY INC,655044105,3219
73388,Nordstrom,20171109,57817,JWN,NORDSTROM INC,7922,NORDSTROM INC,655664100,3217
89576,Nordstrom,20170223,57817,JWN,NORDSTROM INC,7922,NORDSTROM INC,655664100,3217
8982,Norfolk Southern Corp.,20171025,64311,NSC,NORFOLK SOUTHERN CORP,7923,NORFOLK SOUTHERN CORP,655844108,21294
78690,Norfolk Southern Corp.,20170426,64311,NSC,NORFOLK SOUTHERN CORP,7923,NORFOLK SOUTHERN CORP,655844108,21294
10157,Norwegian Cruise Line,20170222,13760,NCLH,NORWEGIAN CRUISE LINE HLDGS LTD,104432,NORWEGIAN CRUISE LINE HLDGS,G66721104,54313
85056,NRG Energy,20170228,90071,NRG,N R G ENERGY INC,135990,NRG ENERGY INC,629377508,37496
81286,Nucor Corp.,20171019,34817,NUE,NUCOR CORP,8030,NUCOR CORP,670346105,21308
82152,Nucor Corp.,20170420,34817,NUE,NUCOR CORP,8030,NUCOR CORP,670346105,21308
51693,Nvidia Corporation,20170509,86580,NVDA,NVIDIA CORP,117768,NVIDIA CORP,67066G104,16382
33881,Oracle Corp.,20170914,10104,ORCL,ORACLE CORP,12142,ORACLE CORP,68389X105,8045
43070,Oracle Corp.,20171214,10104,ORCL,ORACLE CORP,12142,ORACLE CORP,68389X105,8045
72488,Oracle Corp.,20170621,10104,ORCL,ORACLE CORP,12142,ORACLE CORP,68389X105,8045
13653,PACCAR Inc.,20171024,60506,PCAR,PACCAR INC,8253,PACCAR INC,693718108,3487
63590,PACCAR Inc.,20170725,60506,PCAR,PACCAR INC,8253,PACCAR INC,693718108,3487
17828,Parker-Hannifin,20170202,41355,PH,PARKER HANNIFIN CORP,8358,PARKER-HANNIFIN CORP,701094104,21367
61552,Parker-Hannifin,20171102,41355,PH,PARKER HANNIFIN CORP,8358,PARKER-HANNIFIN CORP,701094104,21367
70794,Parker-Hannifin,20170427,41355,PH,PARKER HANNIFIN CORP,8358,PARKER-HANNIFIN CORP,701094104,21367
14498,PayPal,20170726,15488,PYPL,PAYPAL HOLDINGS INC,24616,PAYPAL HOLDINGS INC,70450Y103,55341
67238,PayPal,20170126,15488,PYPL,PAYPAL HOLDINGS INC,24616,PAYPAL HOLDINGS INC,70450Y103,55341
55816,Pentair plc,20170725,62034,PNR,PENTAIR INC,8463,PENTAIR PLC,G7S00T104,3622
9350,PepsiCo Inc.,20170215,13856,PEP,PEPSICO INC,8479,PEPSICO INC,713448108,21384
30043,PepsiCo Inc.,20170426,13856,PEP,PEPSICO INC,8479,PEPSICO INC,713448108,21384
30435,PepsiCo Inc.,20170711,13856,PEP,PEPSICO INC,8479,PEPSICO INC,713448108,21384
37866,PepsiCo Inc.,20171004,13856,PEP,PEPSICO INC,8479,PEPSICO INC,713448108,21384
84200,PerkinElmer,20171102,42200,PKI,PERKINELMER INC,4145,PERKINELMER INC,714046109,20616
47614,Perrigo,20171109,77182,PRGO,PERRIGO CO,24782,PERRIGO CO PLC,G97822103,11257
12198,PG&E Corp.,20170727,13688,PCG,P G & E CORP,8264,PG&E CORP,69331C108,21356
11024,Pinnacle West Capital,20170224,27991,PNW,PINNACLE WEST CAPITAL CORP,1075,PINNACLE WEST CAPITAL CORP,723484101,21409
33709,Pinnacle West Capital,20170803,27991,PNW,PINNACLE WEST CAPITAL CORP,1075,PINNACLE WEST CAPITAL CORP,723484101,21409
41871,Pinnacle West Capital,20171103,27991,PNW,PINNACLE WEST CAPITAL CORP,1075,PINNACLE WEST CAPITAL CORP,723484101,21409
65013,Pinnacle West Capital,20170502,27991,PNW,PINNACLE WEST CAPITAL CORP,1075,PINNACLE WEST CAPITAL CORP,723484101,21409
47783,Polo Ralph Lauren Corp.,20171102,85072,RL,POLO RALPH LAUREN CORP,64891,RALPH LAUREN CORP,751212101,32009
67887,Polo Ralph Lauren Corp.,20170202,85072,RL,POLO RALPH LAUREN CORP,64891,RALPH LAUREN CORP,751212101,32009
24752,PPG Industries,20170119,22509,PPG,P P G INDUSTRIES INC,8247,PPG INDUSTRIES INC,693506107,21351
18264,PPL Corp.,20170803,22517,PPL,P P L CORP,8455,PPL CORP,69351T106,21376
53502,PPL Corp.,20170201,22517,PPL,P P L CORP,8455,PPL CORP,69351T106,21376
82840,PPL Corp.,20170504,22517,PPL,P P L CORP,8455,PPL CORP,69351T106,21376
9727,Prologis,20170718,,,,,,,#N/A
75928,Public Serv. Enterprise Inc.,20170428,23712,PEG,PUBLIC SERVICE ENTERPRISE GP INC,8810,PUBLIC SERVICE ENTRP GRP INC,744573106,21458
58189,Quanta Services Inc.,20170504,85792,PWR,QUANTA SERVICES INC,66446,QUANTA SERVICES INC,7.48E+106,34660
58793,Quanta Services Inc.,20170221,85792,PWR,QUANTA SERVICES INC,66446,QUANTA SERVICES INC,7.48E+106,34660
84621,Quanta Services Inc.,20170803,85792,PWR,QUANTA SERVICES INC,66446,QUANTA SERVICES INC,7.48E+106,34660
44401,Quest Diagnostics,20170420,84373,DGX,QUEST DIAGNOSTICS INC,64166,QUEST DIAGNOSTICS INC,74834L100,31838
76175,Quest Diagnostics,20170725,84373,DGX,QUEST DIAGNOSTICS INC,64166,QUEST DIAGNOSTICS INC,74834L100,31838
50103,Raytheon Co.,20170427,24942,RTN,RAYTHEON CO,8972,RAYTHEON CO,755111507,21492
58653,Raytheon Co.,20171026,24942,RTN,RAYTHEON CO,8972,RAYTHEON CO,755111507,21492
6737,Red Hat Inc.,20170925,87184,RHAT,RED HAT INC,122841,RED HAT INC,756577102,16753
39849,Red Hat Inc.,20170327,87184,RHAT,RED HAT INC,122841,RED HAT INC,756577102,16753
86990,Red Hat Inc.,20171219,87184,RHAT,RED HAT INC,122841,RED HAT INC,756577102,16753
2571,Regeneron,20170803,76614,REGN,REGENERON PHARMACEUTICALS INC,23812,REGENERON PHARMACEUTICALS,75886F107,10876
20950,Regeneron,20170504,76614,REGN,REGENERON PHARMACEUTICALS INC,23812,REGENERON PHARMACEUTICALS,75886F107,10876
53953,Regeneron,20171108,76614,REGN,REGENERON PHARMACEUTICALS INC,23812,REGENERON PHARMACEUTICALS,75886F107,10876
68456,Regions Financial Corp.,20171024,35044,RF,REGIONS FINANCIAL CORP,4674,REGIONS FINANCIAL CORP,7591EP100,1620
88700,Regions Financial Corp.,20170721,35044,RF,REGIONS FINANCIAL CORP,4674,REGIONS FINANCIAL CORP,7591EP100,1620
48553,Republic Services Inc,20170727,86228,RSG,REPUBLIC SERVICES INC,112168,REPUBLIC SERVICES INC,760759100,34838
83725,Republic Services Inc,20170216,86228,RSG,REPUBLIC SERVICES INC,112168,REPUBLIC SERVICES INC,760759100,34838
12816,ResMed,20171026,81736,RMD,RESMED INC,31887,RESMED INC,761152107,13753
29843,ResMed,20170123,81736,RMD,RESMED INC,31887,RESMED INC,761152107,13753
78901,ResMed,20170427,81736,RMD,RESMED INC,31887,RESMED INC,761152107,13753
23442,Rockwell Automation Inc.,20170726,84381,ROK,ROCKWELL AUTOMATION INC,9203,ROCKWELL AUTOMATION,773903109,31847
33130,Rockwell Automation Inc.,20170426,84381,ROK,ROCKWELL AUTOMATION INC,9203,ROCKWELL AUTOMATION,773903109,31847
51268,Rockwell Automation Inc.,20170125,84381,ROK,ROCKWELL AUTOMATION INC,9203,ROCKWELL AUTOMATION,773903109,31847
59974,Roper Technologies,20170209,77338,ROP,ROPER TECHNOLOGIES INC,24925,ROPER TECHNOLOGIES INC,776696106,11344
37701,Ross Stores,20170518,91556,ROST,ROSS STORES INC,9248,ROSS STORES INC,778296103,7684
41607,Ross Stores,20171116,91556,ROST,ROSS STORES INC,9248,ROSS STORES INC,778296103,7684
43188,Ross Stores,20170228,91556,ROST,ROSS STORES INC,9248,ROSS STORES INC,778296103,7684
81705,Ross Stores,20170817,91556,ROST,ROSS STORES INC,9248,ROSS STORES INC,778296103,7684
39378,Royal Caribbean Cruises Ltd,20170801,79145,RCL,ROYAL CARIBBEAN CRUISES LTD,28191,ROYAL CARIBBEAN GROUP,V7780T103,29819
63081,Royal Caribbean Cruises Ltd,20171107,79145,RCL,ROYAL CARIBBEAN CRUISES LTD,28191,ROYAL CARIBBEAN GROUP,V7780T103,29819
25895,Salesforce.com,20170228,90215,CRM,SALESFORCE COM INC,157855,SALESFORCE.COM INC,79466L302,45288
48657,Salesforce.com,20170822,90215,CRM,SALESFORCE COM INC,157855,SALESFORCE.COM INC,79466L302,45288
7549,SCANA Corp,20170803,23085,SCG,SCANA CORP NEW,9445,SCANA CORP,80589M102,21570
27764,SCANA Corp,20170427,23085,SCG,SCANA CORP NEW,9445,SCANA CORP,80589M102,21570
73512,Schlumberger Ltd.,20170721,14277,SLB,SCHLUMBERGER LTD,9465,SCHLUMBERGER LTD,806857108,21576
76684,Schlumberger Ltd.,20170421,14277,SLB,SCHLUMBERGER LTD,9465,SCHLUMBERGER LTD,806857108,21576
5452,Seagate Technology,20170426,89641,STX,SEAGATE TECHNOLOGY,150937,SEAGATE TECHNOLOGY HOLDINGS,G7997R103,43807
38342,Seagate Technology,20170124,89641,STX,SEAGATE TECHNOLOGY,150937,SEAGATE TECHNOLOGY HOLDINGS,G7997R103,43807
49709,Seagate Technology,20170725,89641,STX,SEAGATE TECHNOLOGY,150937,SEAGATE TECHNOLOGY HOLDINGS,G7997R103,43807
52596,Seagate Technology,20171023,89641,STX,SEAGATE TECHNOLOGY,150937,SEAGATE TECHNOLOGY HOLDINGS,G7997R103,43807
25390,Sealed Air,20170209,85926,SEE,SEALED AIR CORP NEW,9555,SEALED AIR CORP,81211K100,34702
40418,Sealed Air,20170509,85926,SEE,SEALED AIR CORP NEW,9555,SEALED AIR CORP,81211K100,34702
79618,Sealed Air,20171108,85926,SEE,SEALED AIR CORP NEW,9555,SEALED AIR CORP,81211K100,34702
56692,Sempra Energy,20170509,86136,SRE,SEMPRA ENERGY,8272,SEMPRA ENERGY,816851109,34798
7303,Sherwin-Williams,20170420,36468,SHW,SHERWIN WILLIAMS CO,9667,SHERWIN-WILLIAMS CO,824348106,21609
43752,Sherwin-Williams,20170720,36468,SHW,SHERWIN WILLIAMS CO,9667,SHERWIN-WILLIAMS CO,824348106,21609
3295,Skyworks Solutions,20170119,45911,SWKS,SKYWORKS SOLUTIONS INC,1327,SKYWORKS SOLUTIONS INC,83088M102,20058
45404,Skyworks Solutions,20171106,45911,SWKS,SKYWORKS SOLUTIONS INC,1327,SKYWORKS SOLUTIONS INC,83088M102,20058
57060,Skyworks Solutions,20170720,45911,SWKS,SKYWORKS SOLUTIONS INC,1327,SKYWORKS SOLUTIONS INC,83088M102,20058
77447,Skyworks Solutions,20170427,45911,SWKS,SKYWORKS SOLUTIONS INC,1327,SKYWORKS SOLUTIONS INC,83088M102,20058
65745,Snap-On Inc.,20170720,60206,SNA,SNAP ON INC,9778,SNAP-ON INC,833034101,4162
85636,Snap-On Inc.,20170202,60206,SNA,SNAP ON INC,9778,SNAP-ON INC,833034101,4162
46726,Starbucks Corp.,20170126,77702,SBUX,STARBUCKS CORP,25434,STARBUCKS CORP,855244109,11592
2512,Stericycle Inc,20170504,83906,SRCL,STERICYCLE INC,63527,STERICYCLE INC,858912108,14927
14243,Stericycle Inc,20171108,83906,SRCL,STERICYCLE INC,63527,STERICYCLE INC,858912108,14927
21917,Stericycle Inc,20170803,83906,SRCL,STERICYCLE INC,63527,STERICYCLE INC,858912108,14927
1642,Stryker Corp.,20170727,73139,SYK,STRYKER CORP,10115,STRYKER CORP,863667101,4298
82208,Stryker Corp.,20171026,73139,SYK,STRYKER CORP,10115,STRYKER CORP,863667101,4298
18754,SunTrust Banks,20171020,68144,STI,SUNTRUST BANKS INC,10187,SUNTRUST BANKS INC,867914103,21691
53635,SunTrust Banks,20170120,68144,STI,SUNTRUST BANKS INC,10187,SUNTRUST BANKS INC,867914103,21691
15878,SVB Financial,20170427,86293,SVBF,S V B FINANCIAL SERVICES INC,110488,SVB FINANCIAL SERVICES INC,784869109,16197
32924,SVB Financial,20170126,86293,SVBF,S V B FINANCIAL SERVICES INC,110488,SVB FINANCIAL SERVICES INC,784869109,16197
59479,Symantec Corp.,20170510,75607,SYMC,SYMANTEC CORP,15855,NORTONLIFELOCK INC,668771108,10224
6984,Synopsys Inc.,20170517,77357,SNPS,SYNOPSYS INC,24975,SYNOPSYS INC,871607107,11361
35162,Synopsys Inc.,20170215,77357,SNPS,SYNOPSYS INC,24975,SYNOPSYS INC,871607107,11361
56805,Synopsys Inc.,20171129,77357,SNPS,SYNOPSYS INC,24975,SYNOPSYS INC,871607107,11361
6221,Sysco Corp.,20170814,52038,SYY,SYSCO CORP,10247,SYSCO CORP,871829107,21698
82442,Sysco Corp.,20170508,52038,SYY,SYSCO CORP,10247,SYSCO CORP,871829107,21698
87076,Sysco Corp.,20171106,52038,SYY,SYSCO CORP,10247,SYSCO CORP,871829107,21698
53818,"Tapestry, Inc.",20170131,88661,TPR,TAPESTRY INC,140541,TAPESTRY INC,876030107,40143
50949,Target Corp.,20170816,49154,TGT,TARGET CORP,3813,TARGET CORP,8.76E+110,20561
61438,Target Corp.,20171115,49154,TGT,TARGET CORP,3813,TARGET CORP,8.76E+110,20561
6497,TE Connectivity Ltd.,20170125,92157,TEL,TYCO ELECTRONICS LTD,177267,TE CONNECTIVITY LTD,H84989104,52418
82614,TE Connectivity Ltd.,20170726,92157,TEL,TYCO ELECTRONICS LTD,177267,TE CONNECTIVITY LTD,H84989104,52418
8865,Texas Instruments,20170425,15579,TXN,TEXAS INSTRUMENTS INC,10499,TEXAS INSTRUMENTS INC,882508104,21737
36380,Texas Instruments,20170124,15579,TXN,TEXAS INSTRUMENTS INC,10499,TEXAS INSTRUMENTS INC,882508104,21737
67149,Texas Instruments,20171024,15579,TXN,TEXAS INSTRUMENTS INC,10499,TEXAS INSTRUMENTS INC,882508104,21737
20463,The Bank of New York Mellon Corp.,20170720,49656,BK,BANK NEW YORK INC,2019,BANK OF NEW YORK MELLON CORP,64058100,20265
21065,The Clorox Company,20170503,46578,CLX,CLOROX CO,3121,CLOROX CO/DE,189054109,20463
39802,The Clorox Company,20170803,46578,CLX,CLOROX CO,3121,CLOROX CO/DE,189054109,20463
62986,The Clorox Company,20170203,46578,CLX,CLOROX CO,3121,CLOROX CO/DE,189054109,20463
89693,The Clorox Company,20171101,46578,CLX,CLOROX CO,3121,CLOROX CO/DE,189054109,20463
65623,The Cooper Companies,20170831,65541,COO,COOPER COMPANIES INC,3504,COOPER COS INC (THE),216648402,5780
30732,The Hershey Company,20171026,16600,HSY,HERSHEY CO,5597,HERSHEY CO,427866108,20906
31967,The Hershey Company,20170426,16600,HSY,HERSHEY CO,5597,HERSHEY CO,427866108,20906
47237,The Hershey Company,20170203,16600,HSY,HERSHEY CO,5597,HERSHEY CO,427866108,20906
2034,The Mosaic Company,20171031,90386,MOS,MOSAIC COMPANY,162129,MOSAIC CO,61945C103,45695
21719,The Mosaic Company,20170502,90386,MOS,MOSAIC COMPANY,162129,MOSAIC CO,61945C103,45695
78217,The Mosaic Company,20170801,90386,MOS,MOSAIC COMPANY,162129,MOSAIC CO,61945C103,45695
2126,The Walt Disney Company,20171109,26403,DIS,DISNEY WALT CO,3980,DISNEY (WALT) CO,254687106,20587
7162,The Walt Disney Company,20170808,26403,DIS,DISNEY WALT CO,3980,DISNEY (WALT) CO,254687106,20587
52808,The Walt Disney Company,20170509,26403,DIS,DISNEY WALT CO,3980,DISNEY (WALT) CO,254687106,20587
55960,The Walt Disney Company,20170207,26403,DIS,DISNEY WALT CO,3980,DISNEY (WALT) CO,254687106,20587
26865,Thermo Fisher Scientific,20170426,62092,TMO,THERMO ELECTRON CORP,10530,THERMO FISHER SCIENTIFIC INC,883556102,4557
42384,Tiffany & Co.,20170524,75100,TIF,TIFFANY & CO NEW,13646,TIFFANY & CO,886547108,21753
9978,Tractor Supply Company,20171025,80286,TSCO,TRACTOR SUPPLY CO NEW,29736,TRACTOR SUPPLY CO,892356106,12863
25805,Tractor Supply Company,20170426,80286,TSCO,TRACTOR SUPPLY CO NEW,29736,TRACTOR SUPPLY CO,892356106,12863
70571,Tractor Supply Company,20170726,80286,TSCO,TRACTOR SUPPLY CO NEW,29736,TRACTOR SUPPLY CO,892356106,12863
89325,Tractor Supply Company,20170201,80286,TSCO,TRACTOR SUPPLY CO NEW,29736,TRACTOR SUPPLY CO,892356106,12863
74284,TransDigm Group,20170207,91152,TDG,TRANSDIGM GROUP INC,148349,TRANSDIGM GROUP INC,893641100,50481
1064,"Twitter, Inc.",20170727,14295,TWTR,TWITTER INC,18872,TWITTER INC,90184L102,54638
45019,"Twitter, Inc.",20170209,14295,TWTR,TWITTER INC,18872,TWITTER INC,90184L102,54638
79449,"Twitter, Inc.",20170426,14295,TWTR,TWITTER INC,18872,TWITTER INC,90184L102,54638
45132,Tyson Foods,20170206,77730,TSN,TYSON FOODS INC,10793,TYSON FOODS INC  -CL A,902494103,4620
6628,U.S. Bancorp,20170719,66157,USB,U S BANCORP DEL,4723,US BANCORP,902973304,1645
16437,U.S. Bancorp,20170419,66157,USB,U S BANCORP DEL,4723,US BANCORP,902973304,1645
19301,Ulta Beauty,20171130,92322,ULTA,ULTA BEAUTY INC,178704,ULTA BEAUTY INC,90384S303,52788
26336,Ulta Beauty,20170309,92322,ULTA,ULTA BEAUTY INC,178704,ULTA BEAUTY INC,90384S303,52788
39202,United Health Group Inc.,20171017,92655,UNH,UNITEDHEALTH GROUP INC,10903,UNITEDHEALTH GROUP INC,91324P102,7267
46635,United Health Group Inc.,20170418,92655,UNH,UNITEDHEALTH GROUP INC,10903,UNITEDHEALTH GROUP INC,91324P102,7267
51521,United Parcel Service,20170727,87447,UPS,UNITED PARCEL SERVICE INC,10920,UNITED PARCEL SERVICE INC,911312106,36383
52645,United Technologies,20170725,17830,UTX,UNITED TECHNOLOGIES CORP,10983,RAYTHEON TECHNOLOGIES CORP,7.55E+105,21832
65452,United Technologies,20171024,17830,UTX,UNITED TECHNOLOGIES CORP,10983,RAYTHEON TECHNOLOGIES CORP,7.55E+105,21832
4797,Valero Energy,20170727,85269,VLO,VALERO ENERGY CORP NEW,15247,VALERO ENERGY CORP,91913Y100,32066
15258,Valero Energy,20170425,85269,VLO,VALERO ENERGY CORP NEW,15247,VALERO ENERGY CORP,91913Y100,32066
79862,Valero Energy,20170131,85269,VLO,VALERO ENERGY CORP NEW,15247,VALERO ENERGY CORP,91913Y100,32066
48187,Varian Medical Systems,20170125,27043,VAR,VARIAN MEDICAL SYSTEMS INC,11115,VARIAN MEDICAL SYSTEMS INC,92220P105,21859
55685,Varian Medical Systems,20171025,27043,VAR,VARIAN MEDICAL SYSTEMS INC,11115,VARIAN MEDICAL SYSTEMS INC,92220P105,21859
54748,Ventas Inc,20171027,,,,,,,#N/A
616,Verisign Inc.,20170727,85753,VRSN,VERISIGN INC,66368,VERISIGN INC,9.23E+106,15940
7509,Verisign Inc.,20170427,85753,VRSN,VERISIGN INC,66368,VERISIGN INC,9.23E+106,15940
81423,Verisign Inc.,20171026,85753,VRSN,VERISIGN INC,66368,VERISIGN INC,9.23E+106,15940
4080,Verizon Communications,20170124,65875,VZ,VERIZON COMMUNICATIONS INC,2136,VERIZON COMMUNICATIONS INC,92343V104,20288
31222,Verizon Communications,20170727,65875,VZ,VERIZON COMMUNICATIONS INC,2136,VERIZON COMMUNICATIONS INC,92343V104,20288
61990,Verizon Communications,20171019,65875,VZ,VERIZON COMMUNICATIONS INC,2136,VERIZON COMMUNICATIONS INC,92343V104,20288
64436,Verizon Communications,20170420,65875,VZ,VERIZON COMMUNICATIONS INC,2136,VERIZON COMMUNICATIONS INC,92343V104,20288
22330,Viacom Inc.,20171116,76226,VIA,VIACOM INC,13714,VIACOMCBS INC,92556H206,21866
21458,Vulcan Materials,20170802,15202,VMC,VULCAN MATERIALS CO,11228,VULCAN MATERIALS CO,929160109,21876
21802,Walgreens Boots Alliance,20170629,19502,WBA,WALGREENS BOOTS ALLIANCE INC,11264,WALGREENS BOOTS ALLIANCE INC,931427108,21881
58071,Walgreens Boots Alliance,20170405,19502,WBA,WALGREENS BOOTS ALLIANCE INC,11264,WALGREENS BOOTS ALLIANCE INC,931427108,21881
70305,Walgreens Boots Alliance,20171025,19502,WBA,WALGREENS BOOTS ALLIANCE INC,11264,WALGREENS BOOTS ALLIANCE INC,931427108,21881
18558,Walmart,20171116,55976,WMT,WALMART INC,11259,WALMART INC,931142103,21880
15358,Waste Management Inc.,20170216,11955,WMI,WASTE MANAGEMENT INC DEL,14477,WASTE MANAGEMENT INC,94106L109,9804
43459,Waste Management Inc.,20171026,11955,WMI,WASTE MANAGEMENT INC DEL,14477,WASTE MANAGEMENT INC,94106L109,9804
46096,Waste Management Inc.,20170726,11955,WMI,WASTE MANAGEMENT INC DEL,14477,WASTE MANAGEMENT INC,94106L109,9804
15407,Wec Energy Group Inc,20170201,23536,WEC,W E C ENERGY GROUP INC,11550,WEC ENERGY GROUP INC,92939U106,21931
70166,Wec Energy Group Inc,20171026,23536,WEC,W E C ENERGY GROUP INC,11550,WEC ENERGY GROUP INC,92939U106,21931
84819,Wec Energy Group Inc,20170502,23536,WEC,W E C ENERGY GROUP INC,11550,WEC ENERGY GROUP INC,92939U106,21931
33772,Welltower Inc.,20170505,,,,,,,#N/A
22677,Western Digital,20171026,66384,WDC,WESTERN DIGITAL CORP,11399,WESTERN DIGITAL CORP,958102105,4879
11990,Western Union Co,20170502,91461,WU,WESTERN UNION CO,175263,WESTERN UNION CO,959802109,51196
41681,Western Union Co,20171102,91461,WU,WESTERN UNION CO,175263,WESTERN UNION CO,959802109,51196
14308,WestRock,20170124,21186,WRK,WESTROCK CO,11446,MEADWESTVACO CORP,583334107,21913
77159,WestRock,20171102,21186,WRK,WESTROCK CO,11446,MEADWESTVACO CORP,583334107,21913
88377,WestRock,20170426,21186,WRK,WESTROCK CO,11446,MEADWESTVACO CORP,583334107,21913
85932,Weyerhaeuser,20170428,39917,WY,WEYERHAEUSER CO,11456,WEYERHAEUSER CO,962166104,21914
86499,Weyerhaeuser,20170203,39917,WY,WEYERHAEUSER CO,11456,WEYERHAEUSER CO,962166104,21914
8030,Xcel Energy Inc,20170727,23931,XEL,X C E L ENERGY INC,7977,XCEL ENERGY INC,98389B100,21300
80014,Xcel Energy Inc,20170202,23931,XEL,X C E L ENERGY INC,7977,XCEL ENERGY INC,98389B100,21300
8664,Xerox,20170425,27983,XRX,XEROX CORP,11636,XEROX HOLDINGS CORP,98421M106,21945
48318,Xerox,20170801,27983,XRX,XEROX CORP,11636,XEROX HOLDINGS CORP,98421M106,21945
34628,Xilinx,20170426,76201,XLNX,XILINX INC,22325,XILINX INC,983919101,10634
35823,XL Group,20171024,86314,XL,X L GROUP LTD,24318,XL GROUP LTD,G98294104,34859
19145,Yum! Brands Inc,20170803,85348,YUM,YUM BRANDS INC,65417,YUM BRANDS INC,988498101,32093
54906,Yum! Brands Inc,20170209,85348,YUM,YUM BRANDS INC,65417,YUM BRANDS INC,988498101,32093
